,Authors
0,first name
1,first name
2,first name
3,first name
4,first name
5,first name
6,first name
7,first name
8,first name
9,first name
10,first name
11,first name
12,first name
13,first name
14,first name
15,first name
16,first name
17,first name
18,first name
19,first name
20,first name
21,first name
22,first name
23,first name
24,first name
25,first name
26,first name
27,first name
28,first name
29,first name
30,first name
31,first name
32,first name
33,first name
34,first name
35,first name
36,first name
37,first name
38,first name
39,first name
40,first name
41,first name
42,first name
43,first name
44,first name
45,first name
46,first name
47,first name
48,first name
49,first name
50,first name
51,first name
52,first name
53,first name
54,first name
55,first name
56,first name
57,first name
58,first name
59,first name
60,first name
61,first name
62,first name
63,first name
64,first name
65,first name
66,first name
67,first name
